name,slug,category,fame_tier,fame_label,pageviews_monthly_avg,sitelinks,occupations,matched,matched_referent,matched_descriptor,matched_id,site_category,existence_confidence,weight_rank,weight_total,n_referents,n_models_recognize,n_models
Acker Bilk,acker-bilk,actor,high,Well-known,6872,27.0,actor; bandleader; clarinetist; composer; jazz musician; musician; recording artist,True,Acker Bilk,British jazz clarinetist,acker-bilk,music,95.0,9008.0,343453.0,1,11,13
Adam Morgan,adam-morgan,athlete,nameshared,Shared name (4+ namesakes),1543,,association football player,True,Adam Morgan,English striker,adam-morgan-footballer,sports,90.0,100356.0,343520.0,16,4,13
Adriana Kučerová,adriana-ku~10d~erov~e1~,musician,low,Obscure,191,11.0,musician; opera singer,True,Adriana Kučerová,Slovak pop singer,adriana-kucerova-pop,music,40.0,,,7,1,13
Aidy Boothroyd,aidy-boothroyd,athlete,nameuniq,Unique name,1839,,association football coach; association football player,True,Aidy Boothroyd,English football manager and former player,aidy-boothroyd-football-manager,sports,95.0,7134.0,343555.0,3,12,13
Akiko Itoyama,akiko-itoyama,novelist,low,Obscure,164,9.0,novelist; writer,True,Akiko Itoyama,Japanese novelist,akiko-itoyama-novelist,writing,85.0,80360.0,343495.0,6,4,13
Alain Souchon,alain-souchon,musician,high,Well-known,1806,24.0,actor; composer; film actor; musician; recording artist; singer; singer-songwriter; songwriter,True,Alain Souchon,French singer-songwriter,alain-souchon,music,95.0,2864.0,343471.0,1,13,13
Alexander Dobrindt,alexander-dobrindt,politician,high,Well-known,2859,28.0,politician,True,Alexander Dobrindt,"German CSU politician, ex-Transport Minister",alexander-dobrindt-politician,politics,95.0,11691.0,343470.0,2,11,13
Alexander Golling,alexander-golling,actor,low,Obscure,164,7.0,actor; director; film actor; musician; speaker; stage actor,True,Alexander Golling,German stage and film actor,alexander-golling-actor,film-tv,85.0,57921.0,343473.0,6,5,13
Alexander Meier,alexander-meier,athlete,deushared,Shared-name German footballer,1249,,association football player,True,Alexander Meier,"German former footballer, Eintracht Frankfurt",alexander-meier-footballer,sports,95.0,22278.0,343409.0,13,9,13
Alfian Sa'at,alfian-sa~27~at,novelist,pdcopyright,Novelist (in-copyright),817,,novelist,True,Alfian Sa'at,Singaporean playwright and poet,alfian-saat-writer,writing,,10159.0,343575.0,4,11,13
Alfred Delp,alfred-delp,journalist,high,Well-known,1838,25.0,Catholic priest; Catholic theologian; journalist; priest; resistance fighter; teacher,True,Alfred Delp,German Jesuit priest and Kreisau Circle resister,alfred-delp,religion,95.0,7006.0,343471.0,2,12,13
Alfredo Bryce Echenique,alfredo-bryce-echenique,novelist,pdcopyright,Novelist (in-copyright),1741,,novelist,True,Alfredo Bryce Echenique,Peruvian novelist and short-story writer,alfredo-bryce-echenique-writer,writing,95.0,8751.0,343580.0,2,11,13
Amelia Edwards,amelia-edwards,novelist,pdpublic,Novelist (public-domain),1534,,novelist,True,Amelia B. Edwards,English novelist and Egyptologist,amelia-b-edwards-egyptologist,writing,95.0,6399.0,343575.0,3,12,13
Anderson Cooper,anderson-cooper,journalist,famous,Household name,119113,41.0,,True,Anderson Cooper,CNN anchor and journalist,anderson-cooper-journalist,media,100.0,1075.0,343461.0,2,13,13
Andreas Beck,andreas-beck,athlete,deushared,Shared-name German footballer,924,,association football player,True,Andreas Beck,Liechtenstein football midfielder,andreas-beck-footballer-1976,sports,70.0,301622.0,343410.0,12,1,13
Andreas Gruschke,andreas-gruschke,journalist,low,Obscure,124,12.0,anthropologist; author; film producer; geographer; journalist; photographer; sinologist; writer,True,Andreas Gruschke,German Tibetologist and photographer,andreas-gruschke-tibetologist,science,85.0,22876.0,343513.0,6,9,13
Andreas Ottl,andreas-ottl,athlete,deuuniq,Unique-name German footballer,1231,,association football player,True,Andreas Ottl,German former football midfielder,andreas-ottl-footballer,sports,95.0,16049.0,343434.0,4,10,13
Anita Höfer,anita-h~f6~fer,actor,low,Obscure,133,7.0,actor; dub actor; film actor; speaker; television actor; voice actor,True,Anita Höfer,German actress,anita-hofer-actress,film-tv,75.0,57716.0,343473.0,5,6,13
Ann Brashares,ann-brashares,novelist,pdcopyright,Novelist (in-copyright),1451,,novelist,True,Ann Brashares,young-adult novelist,ann-brashares,writing,95.0,2571.0,343567.0,1,13,13
Annemarie Schwarzenbach,annemarie-schwarzenbach,journalist,high,Well-known,2551,31.0,journalist; photographer; poet; traveler; writer,True,Annemarie Schwarzenbach,"Swiss writer, journalist, photographer",annemarie-schwarzenbach-swiss-writer,writing,95.0,9527.0,343455.0,2,11,13
Annie Girardot,annie-girardot,actor,high,Well-known,5088,58.0,actor; film actor; singer; stage actor; television actor,True,Annie Girardot,French film and stage actress,annie-girardot-actress,film-tv,95.0,3622.0,343442.0,2,13,13
Antonio Carlo Napoleone Gallenga,antonio-carlo-napoleone-gallenga,journalist,low,Obscure,108,13.0,emigrant; journalist; politician; university teacher; writer,True,Antonio Carlo Napoleone Gallenga,"Italian writer, journalist, and patriot",antonio-carlo-napoleone-gallenga,writing,85.0,9706.0,343509.0,1,12,13
Antonio Segni,antonio-segni,politician,high,Well-known,2555,59.0,President of the Republic; diplomat; politician,True,Antonio Segni,Italian Prime Minister and President,antonio-segni,politics,95.0,3480.0,343455.0,2,13,13
Armando Guebuza,armando-guebuza,politician,nameuniq,Unique name,2152,,President of the Republic; military personnel; minister; politician,True,Armando Guebuza,former President of Mozambique,armando-guebuza,politics,95.0,3419.0,343560.0,1,13,13
Armin Meier,armin-meier,actor,nameshared,Shared name (4+ namesakes),1009,,actor,True,Armin Meier,German actor and Fassbinder partner,armin-meier-actor,film-tv,80.0,185583.0,343557.0,16,2,13
Avery Corman,avery-corman,novelist,pdcopyright,Novelist (in-copyright),1184,,novelist,True,Avery Corman,playwright,avery-corman-playwright,writing,25.0,,,5,1,13
Aḥmad Ibn-Muḥammad al- Maidānī,a~1e25~mad-ibn~2d~mu~1e25~ammad-al~2d~-maid~101~n~12b~,scientist,low,Obscure,171,7.0,linguist; literary scholar; poet; scientist; writer,True,Aḥmad ibn Muḥammad al-Maidānī,Medieval Islamic theologian,ahmad-ibn-muhammad-al-maidanitheologian,religion,25.0,,,3,2,13
Babett Peter,babett-peter,athlete,deuuniq,Unique-name German footballer,850,,association football player,True,Babett Peter,German football defender,babett-peter-footballer,sports,95.0,48086.0,343431.0,9,5,13
Baldwin Spencer,baldwin-spencer,politician,nameuniq,Unique name,1014,,politician,True,Baldwin Spencer,Antiguan Prime Minister 2004-2014,baldwin-spencer-politician,politics,95.0,11580.0,343581.0,4,11,13
Baron Max Wladimir von Beck,baron-max-wladimir-von-beck,politician,low,Obscure,178,15.0,civil servant; jurist; politician,True,Max Wladimir von Beck,Austrian statesman and Minister-President,max-wladimir-von-beck,politics,90.0,19497.0,343481.0,3,10,13
Barry N. Malzberg,barry-n~2e~-malzberg,novelist,pdcopyright,Novelist (in-copyright),928,,novelist,True,Barry N. Malzberg,American science fiction writer,barry-n-malzberg,writing,95.0,6022.0,343572.0,1,12,13
Beate Finckh,beate-finckh,actor,low,Obscure,146,9.0,actor; film actor; stage actor; television actor,True,Beate Finckh,German film and TV actress,beate-finckh-actress,film-tv,85.0,56604.0,343489.0,6,6,13
Beate Hasenau,beate-hasenau,musician,low,Obscure,181,7.0,actor; cabaret performer; dub actor; film actor; musician; singer; speaker; television actor; voice actor,True,Beate Hasenau,German actress and voice actress,beate-hasenau-actress,film-tv,85.0,41357.0,343473.0,5,6,13
Benoît Trémoulinas,beno~ee~t-tr~e9~moulinas,athlete,nameuniq,Unique name,1101,,association football player,True,Benoît Trémoulinas,French former left-back footballer,benoit-tremoulinas-footballer,sports,95.0,10328.0,343555.0,2,11,13
Bernd Schneider,bernd-schneider,athlete,deushared,Shared-name German footballer,3018,,association football player,True,Bernd Schneider,former Germany midfielder,bernd-schneider-footballer,sports,95.0,14311.0,343413.0,11,11,13
Beyoncé,beyonce,musician,famous,Household name,267767,173.0,,True,Beyoncé Knowles-Carter,American singer and actress,beyonce-knowles-carter,music,100.0,86.0,343426.0,1,13,13
Bill Raisch,bill-raisch,actor,nameuniq,Unique name,1589,,actor; dancer; film actor; television actor,True,Bill Raisch,"actor, one-armed man in The Fugitive",bill-raisch-actor,film-tv,95.0,26407.0,343555.0,6,8,13
Blaise Meliani,blaise-meliani,journalist,high,Well-known,2428,50.0,French foreign legionnaire; adventurer; designer; journalist; librettist; novelist; poet; travel writer; war correspondent; writer,True,Blaise Meliani,French football midfielder,blaise-meliani-footballer,sports,80.0,160262.0,343470.0,6,2,13
Bob Woodward,bob-woodward,journalist,famous,Household name,31534,56.0,,True,Bob Woodward,Watergate investigative journalist,bob-woodward-journalist,media,100.0,1198.0,343453.0,3,13,13
Boris Grebenshchikov,boris-grebenshchikov,journalist,high,Well-known,2890,33.0,actor; composer; film score composer; guitarist; journalist; keyboardist; lyricist; mathematician; multi-instrumentalist; musician; poet; publisher; radio personality; record producer; rock musician; singer; singer-songwriter; writer,True,Boris Grebenshchikov,Russian rock musician and Aquarium founder,boris-grebenshchikov-rock-musician,music,95.0,8801.0,343460.0,3,11,13
Bruno Jonas,bruno-jonas,musician,low,Obscure,157,10.0,actor; cabaret performer; director; film director; musician; non-fiction writer; radio personality; screenwriter; singer; speaker; writer,True,Bruno Jonas,Swedish singer-songwriter,bruno-jonas-swedish,music,10.0,,,7,1,13
Bruno Labbadia,bruno-labbadia,athlete,deuuniq,Unique-name German footballer,1673,,association football player,True,Bruno Labbadia,German football manager and former striker,bruno-labbadia,sports,95.0,3679.0,343432.0,1,13,13
Bruno Pontecorvo,bruno-pontecorvo,scientist,high,Well-known,2105,36.0,nuclear physicist; physicist; scientist,True,Bruno Pontecorvo,Italian-Soviet nuclear physicist,bruno-pontecorvo-physicist,science,95.0,5418.0,343472.0,2,12,13
Béla Rajki,b~e9~la-rajki,athlete,low,Obscure,123,8.0,athlete; coach; swimmer; water polo player,True,Béla Rajki,Hungarian water polo coach,bela-rajki-water-polo,sports,85.0,79166.0,343472.0,6,4,13
Carl Almenräder,carl-almenr~e4~der,musician,low,Obscure,154,8.0,bassoonist; composer; inventor; music educator; musical instrument maker; musician,True,Carl Almenräder,German bassoonist and instrument maker,carl-almenrader-bassoonist,music,95.0,19742.0,343494.0,5,9,13
Carl Friedrich Geiser,carl-friedrich-geiser,scientist,low,Obscure,166,6.0,mathematician; scientist; university teacher,True,Carl Friedrich Geiser,Swiss algebraic geometer,carl-friedrich-geiser-mathematician,science,90.0,16049.0,343506.0,3,11,13
Carlos Rasch,carlos-rasch,journalist,low,Obscure,140,8.0,journalist; science fiction writer; screenwriter; writer,True,Carlos Rasch,German science fiction author,carlos-rasch-german-sf-author,writing,85.0,99421.0,343513.0,7,3,13
Cees Nooteboom,cees-nooteboom,journalist,high,Well-known,2325,52.0,essayist; journalist; literary critic; novelist; poet; prose writer; short story writer; translator; writer,True,Cees Nooteboom,Dutch novelist and poet,cees-nooteboom-writer,writing,95.0,10066.0,343473.0,4,11,13
Charles Nodier,charles-nodier,novelist,pdpublic,Novelist (public-domain),1159,,novelist,True,Charles Nodier,French Romantic author and librarian,charles-nodier-writer,writing,95.0,3399.0,343585.0,2,13,13
"Charles-Victor Prévot, vicomte d'Arlincourt",charles~2d~victor-pr~e9~vot~2c~-vicomte-d~27~arlincourt,novelist,low,Obscure,168,14.0,novelist; playwright; poet; writer,True,"Charles-Victor Prévot, vicomte d'Arlincourt",French Romantic novelist and playwright,charles-victor-prevot-vicomte-darlincourt,writing,90.0,5171.0,343513.0,1,13,13
Christel Peters,christel-peters,actor,low,Obscure,135,8.0,actor; film actor; stage actor; television actor,True,Christel Peters,German film and TV actress,christel-peters-german-actress,film-tv,85.0,49857.0,343481.0,7,6,13
Christian Lell,christian-lell,athlete,deuuniq,Unique-name German footballer,748,,association football player,True,Christian Lell,German former football defender,christian-lell-footballer,sports,85.0,9234.0,343420.0,1,12,13
Christiane Amanpour,christiane-amanpour,journalist,famous,Household name,60324,57.0,,True,Christiane Amanpour,CNN chief international anchor,christiane-amanpour,media,100.0,1613.0,343454.0,1,13,13
Christoph Schlingensief,christoph-schlingensief,actor,high,Well-known,1373,23.0,actor; author; cinematographer; conceptual artist; director; film director; filmmaker; installation artist; opera director; performance artist; performing artist; playwright; screenwriter; theatre designer; theatre director; university teacher; writer,True,Christoph Schlingensief,German avant-garde theater and film director,christoph-schlingensief,arts,95.0,5759.0,343470.0,1,12,13
Clara Rockmore,clara-rockmore,musician,high,Well-known,2739,32.0,composer; musician; violinist,True,Clara Rockmore,theremin virtuoso,clara-rockmore-theremin,music,95.0,4358.0,343442.0,2,12,13
Clemens Fritz,clemens-fritz,athlete,deuuniq,Unique-name German footballer,944,,association football player,True,Clemens Fritz,German footballer and Werder Bremen captain,clemens-fritz-footballer,sports,,12117.0,343436.0,3,11,13
Connor Smith,connor-smith,athlete,nameshared,Shared name (4+ namesakes),968,,association football player,True,Connor Smith,Irish midfielder footballer,connor-smith-irish-footballer,sports,80.0,182198.0,343560.0,14,2,13
Constance Fenimore Woolson,constance-fenimore-woolson,novelist,pdpublic,Novelist (public-domain),1124,,novelist,True,Constance Fenimore Woolson,19th-century American novelist,constance-fenimore-woolson,writing,95.0,5621.0,343585.0,1,12,13
Cylon of Athens,cylon-of-athens,athlete,high,Well-known,1716,26.0,athlete; politician,True,Cylon of Athens,ancient Athenian noble and Olympic victor,cylon-of-athens,politics,95.0,8392.0,343470.0,1,12,13
Daniel Caligiuri,daniel-caligiuri,athlete,deuuniq,Unique-name German footballer,974,,association football player,True,Daniel Caligiuri,American soccer player,daniel-caligiuri-us-player,sports,25.0,,,2,3,13
Daniela Katzenberger,daniela-katzenberger,actor,nameuniq,Unique name,1428,,actor; aesthetician; fashion model; model; singer; television actor; writer,True,Daniela Katzenberger,German reality TV star,daniela-katzenberger,media,95.0,3735.0,343557.0,1,13,13
Danny Williams,danny-williams,athlete,deushared,Shared-name German footballer,671,,association football player,True,Danny Williams,German-American midfielder,danny-williams-footballer,sports,75.0,88563.0,343420.0,11,4,13
David Hurst,david-hurst,actor,nameshared,Shared name (4+ namesakes),2048,,actor; director; film actor; film producer; stage actor; television actor; university teacher,True,David Hurst,British character actor,david-hurst-actor,film-tv,95.0,23866.0,343522.0,16,10,13
David McAllister,david-mcallister,politician,nameshared,Shared name (4+ namesakes),2216,,jurist; lawyer; politician,True,David McAllister,German CDU politician,david-mcallister-german-politician,politics,95.0,16176.0,343557.0,14,10,13
Dennis Aogo,dennis-aogo,athlete,deuuniq,Unique-name German footballer,1148,,association football player,True,Dennis Aogo,German former professional footballer,dennis-aogo-footballer,sports,95.0,9416.0,343434.0,4,11,13
Denzel Washington,denzel-washington,actor,famous,Household name,260181,112.0,,True,Denzel Washington,Academy Award-winning actor and filmmaker,denzel-washington,film-tv,100.0,225.0,343423.0,1,13,13
Diego Contento,diego-contento,athlete,deuuniq,Unique-name German footballer,1755,,association football player,True,Diego Contento,German-Italian left-back footballer,diego-contento-footballer,sports,,18041.0,343450.0,2,10,13
Dieter Müller,dieter-m~fc~ller,athlete,nameshared,Shared name (4+ namesakes),1886,,association football player,True,Dieter Müller,German football striker,dieter-muller-footballer,sports,95.0,17269.0,343548.0,13,10,13
Dmitry of Uglich,dmitry-of-uglich,politician,high,Well-known,2371,29.0,politician,True,Dmitry of Uglich,"Russian tsarevich, son of Ivan the Terrible",dmitry-of-uglich,politics,95.0,7257.0,343453.0,1,12,13
Dmitry Pozharsky,dmitry-pozharsky,politician,nameuniq,Unique name,2118,,military personnel; politician; statesperson,True,Dmitry Pozharsky,Russian politician and Ivanovo governor,dmitry-pozharsky-ivanovo-governor,politics,25.0,,,6,1,13
Egon Erwin Kisch,egon-erwin-kisch,actor,high,Well-known,1740,34.0,actor; feature writer; journalist; reporter; writer,True,Egon Erwin Kisch,Czech-Austrian journalist and writer,egon-erwin-kisch,writing,95.0,5483.0,343432.0,2,12,13
Elise Aulinger,elise-aulinger,actor,low,Obscure,178,12.0,actor; film actor; stage actor,True,Elise Aulinger,German stage and film actress,elise-aulinger-actress,film-tv,85.0,96472.0,343473.0,7,3,13
Ellen Gilchrist,ellen-gilchrist,novelist,pdcopyright,Novelist (in-copyright),720,,novelist,True,Ellen Gilchrist,American novelist and poet,ellen-gilchrist-writer,writing,95.0,7202.0,343582.0,3,12,13
Emilia Pardo Bazán,emilia-pardo-baz~e1~n,novelist,pdpublic,Novelist (public-domain),1563,,novelist,True,Emilia Pardo Bazán,Spanish novelist and feminist,emilia-pardo-bazan,writing,95.0,2291.0,343585.0,1,13,13
Enrique Vila-Matas,enrique-vila~2d~matas,novelist,pdcopyright,Novelist (in-copyright),1497,,novelist,True,Enrique Vila-Matas,Spanish metafictional novelist,enrique-vila-matas,writing,95.0,2851.0,343572.0,1,13,13
Eric Szmanda,eric-szmanda,actor,high,Well-known,6146,30.0,actor; film actor; model; television actor,True,Eric Szmanda,CSI actor Greg Sanders,eric-szmanda-csi,film-tv,95.0,13507.0,343455.0,4,10,13
Erik Zabel,erik-zabel,athlete,high,Well-known,2013,33.0,athlete; sport cyclist; track cyclist,True,Erik Zabel,German cycling sprinter,erik-zabel,sports,95.0,6022.0,343471.0,1,12,13
Ernest Bai Koroma,ernest-bai-koroma,politician,high,Well-known,2647,50.0,entrepreneur; politician,True,Ernest Bai Koroma,former President of Sierra Leone,ernest-bai-koroma,politics,95.0,5693.0,343426.0,1,12,13
Ernest Julius Wilczynski,ernest-julius-wilczynski,scientist,low,Obscure,147,8.0,mathematician; physicist; scientist; university teacher,True,Ernest Julius Wilczynski,American differential geometer,ernest-julius-wilczynski,science,95.0,13517.0,343499.0,2,11,13
"Ernst I, Prince of Hohenlohe-Langenburg",ernst-i~2c~-prince-of-hohenlohe~2d~langenburg,politician,nameuniq,Unique name,2214,,aristocrat; major general; politician,True,"Ernst I, Prince of Hohenlohe-Langenburg",German prince 1794-1860,ernst-i-1794-1860,politics,95.0,32549.0,343579.0,5,7,13
Erwin Blask,erwin-blask,athlete,low,Obscure,154,14.0,athlete; athletics competitor; police officer,True,Erwin Blask,German Olympic hammer thrower,erwin-blask-hammer-thrower,sports,85.0,33098.0,343499.0,5,7,13
Fanny Stevenson,fanny-stevenson,novelist,pdpublic,Novelist (public-domain),1725,,novelist,True,Fanny Stevenson,American poet,fanny-stevenson-poet,writing,10.0,,,5,1,13
Fatima Gallaire,fatima-gallaire,novelist,low,Obscure,104,11.0,novelist; playwright; writer,True,Fatima Gallaire,Algerian-French playwright,fatima-gallaire-playwright,writing,90.0,41179.0,343506.0,5,6,13
Fawzi Salloukh,fawzi-salloukh,politician,low,Obscure,181,10.0,ambassador; author; diplomat; editor; politician,True,Fawzi Salloukh,Lebanese diplomat and former foreign minister,fawzi-salloukh-lebanese-diplomat,politics,90.0,30386.0,343472.0,4,8,13
Felix von Hartmann,felix-von-hartmann,politician,low,Obscure,188,16.0,Catholic bishop; Catholic priest; Catholic theologian; archbishop; bishop; politician,True,Felix von Hartmann,"German cardinal, Archbishop of Cologne",felix-von-hartmann-cologne-cardinal,religion,90.0,110067.0,343472.0,8,3,13
Fiona Pitt-Kethley,fiona-pitt~2d~kethley,novelist,low,Obscure,235,5.0,autobiographer; journalist; novelist; poet; prose writer; travel writer; traveler; writer,True,Fiona Pitt-Kethley,British erotic poet and travel writer,fiona-pitt-kethley-poet,writing,90.0,15171.0,343515.0,3,10,13
Fleury Di Nallo,fleury-di-nallo,athlete,nameuniq,Unique name,1080,,association football player,True,Fleury Di Nallo,"French footballer, Olympique Lyonnais striker",fleury-di-nallo-footballer,sports,95.0,32072.0,343579.0,4,7,13
Florence Dixie,florence-dixie,novelist,pdpublic,Novelist (public-domain),1062,,novelist,True,Lady Florence Dixie,Scottish writer and feminist,florence-dixie-lady,writing,95.0,7360.0,343575.0,2,12,13
Frances Marion,frances-marion,novelist,high,Well-known,2434,54.0,actor; film actor; film director; film screenwriter; journalist; novelist; screenwriter; writer,True,Frances Marion,pioneering Hollywood screenwriter,frances-marion-screenwriter,film-tv,95.0,8883.0,343473.0,3,11,13
Frank Baumgartl,frank-baumgartl,athlete,low,Obscure,123,14.0,athlete; athletics competitor; engineer,True,Frank Baumgartl,East German steeplechase runner,frank-baumgartl-steeplechase,sports,85.0,66135.0,343498.0,7,4,13
Frank Schmidt,frank-schmidt,athlete,deushared,Shared-name German footballer,5219,,association football player,True,Frank Schmidt,German football manager,frank-schmidt-german-football-manager,sports,95.0,32853.0,343415.0,16,8,13
Frank Wedekind,frank-wedekind,journalist,high,Well-known,2920,54.0,actor; author; composer; dramaturge; journalist; lyricist; playwright; poet; screenwriter; stage actor; writer,True,Frank Wedekind,German playwright and poet,frank-wedekind,writing,95.0,5265.0,343471.0,1,12,13
Franz Josef Huber,franz-josef-huber,politician,nameshared,Shared name (4+ namesakes),1501,,Gestapo employee; politician; soldier,True,Franz Josef Huber,Austrian governor Upper Austria,franz-josef-huber-politician,politics,40.0,,,6,1,13
Franz Roth,franz-roth,athlete,deushared,Shared-name German footballer,903,,association football player,True,Franz Roth,"German footballer, Bayern Munich midfielder",franz-roth-footballer,sports,95.0,16970.0,343393.0,8,10,13
Franz von Jauner,franz-von-jauner,actor,low,Obscure,159,7.0,actor; conductor; director; music director; stage actor; theatre manager,True,Franz von Jauner,Austrian theater director and actor,franz-von-jauner-theater,arts,85.0,29295.0,343481.0,5,8,13
Franz-Olivier Giesbert,franz~2d~olivier-giesbert,novelist,pdcopyright,Novelist (in-copyright),898,,novelist,True,Franz-Olivier Giesbert,French journalist and author,franz-olivier-giesbert-journalist,media,90.0,10328.0,343581.0,3,11,13
Frederick Rolfe,frederick-rolfe,novelist,pdpublic,Novelist (public-domain),1795,,novelist,True,Frederick Rolfe,English writer and artist,frederick-rolfe-baron-corvo,writing,95.0,10066.0,343572.0,6,11,13
Gardner Dozois,gardner-dozois,novelist,pdcopyright,Novelist (in-copyright),1829,,novelist,True,Gardner Dozois,science fiction editor and author,gardner-dozois-editor,writing,,4962.0,343557.0,2,12,13
Georg Schenck van Toutenburg,georg-schenck-van-toutenburg,politician,low,Obscure,187,7.0,politician,True,Georg Schenck van Toutenburg,16th-century Habsburg stadtholder,georg-schenck-van-toutenburg-stadtholder,politics,90.0,23449.0,343481.0,4,9,13
Georg Weerth,georg-weerth,journalist,low,Obscure,213,12.0,journalist; poet; writer,True,Georg Weerth,German poet and journalist,georg-weerth,writing,95.0,8364.0,343513.0,1,12,13
George Washington Cable,george-washington-cable,novelist,pdpublic,Novelist (public-domain),1296,,novelist,True,George Washington Cable,American novelist of Creole Louisiana,george-washington-cable,writing,95.0,5889.0,343580.0,1,12,13
Gerard Leckie,gerard-leckie,scientist,low,Obscure,154,5.0,scientist,True,Gerard Leckie,Australian demographer,gerard-leckie-australian-demographer,science,45.0,,,8,1,13
Gerd Roggensack,gerd-roggensack,athlete,low,Obscure,136,7.0,association football coach; association football player; athlete,True,Gerd Roggensack,German footballer and manager,gerd-roggensack-footballer,sports,85.0,125015.0,343500.0,7,3,13
Giorgio Parisi,giorgio-parisi,scientist,high,Well-known,3272,55.0,physicist; scientist; theoretical physicist; university teacher,True,Giorgio Parisi,Italian Nobel-winning theoretical physicist,giorgio-parisi-physicist,science,95.0,4867.0,343473.0,2,12,13
Giovanna Mezzogiorno,giovanna-mezzogiorno,actor,high,Well-known,2259,30.0,actor; film actor; film director; stage actor,True,Giovanna Mezzogiorno,Italian film actress,giovanna-mezzogiorno,film-tv,95.0,3546.0,343455.0,1,13,13
Giuseppe Reina,giuseppe-reina,athlete,deushared,Shared-name German footballer,767,,association football player,True,Giuseppe Reina,German football manager,giuseppe-reina-manager,sports,45.0,,,15,1,13
Gottfried Fuchs,gottfried-fuchs,athlete,deushared,Shared-name German footballer,790,,association football player,True,Gottfried Fuchs,German Olympic footballer,gottfried-fuchs-footballer,sports,95.0,12479.0,343410.0,4,11,13
Gregory Benford,gregory-benford,novelist,high,Well-known,2305,37.0,astronomer; astrophysicist; novelist; physicist; science fiction writer; university teacher; writer,True,Gregory Benford,American astrophysicist and science-fiction author,gregory-benford,writing,95.0,3163.0,343475.0,2,13,13
Gustav Meyrink,gustav-meyrink,novelist,high,Well-known,2136,54.0,banker; novelist; playwright; science fiction writer; screenwriter; translator; writer,True,Gustav Meyrink,Austrian occult novelist,gustav-meyrink-writer,writing,95.0,5640.0,343481.0,2,12,13
Haluk Piyes,haluk-piyes,actor,low,Obscure,203,7.0,actor; director; film actor; film director; film screenwriter; sociologist; television actor,True,Haluk Piyes,Turkish-German actor,haluk-piyes-actor,film-tv,85.0,23298.0,343488.0,2,9,13
Hannelore Rönsch,hannelore-r~f6~nsch,politician,low,Obscure,185,8.0,politician,True,Hannelore Rönsch,German CDU politician,hannelore-ronsch-politician,politics,90.0,16457.0,343481.0,3,11,13
Hans Vogel,hans-vogel,politician,nameshared,Shared name (4+ namesakes),1739,,functionary; member of parliament; politician; wood sculptor,True,Hans Vogel,Swiss parliament member,hans-vogel-swiss-mp,politics,,325158.0,343513.0,16,1,13
Hans-Jürgen Buchner,hans~2d~j~fc~rgen-buchner,musician,low,Obscure,151,5.0,composer; film score composer; musician; songwriter,True,Hans-Jürgen Buchner,German folk-rock musician,hans-jurgen-buchner-musician,music,90.0,28723.0,343496.0,5,8,13
Harald Vogel,harald-vogel,musician,low,Obscure,178,7.0,musician; musicologist; organist; university teacher,True,Harald Vogel,German organist and musicologist,harald-vogel-organist,music,95.0,23569.0,343471.0,7,9,13
Heidi Brühl,heidi-br~fc~hl,musician,high,Well-known,3206,27.0,actor; dancer; film actor; musician; record producer; schlager singer; singer,True,Heidi Brühl,German actress and singer,heidi-br-hl-german-actress-singer,film-tv,95.0,15956.0,343470.0,5,10,13
Heinz Hoffmann,heinz-hoffmann,politician,nameshared,Shared name (4+ namesakes),1281,,politician; resistance fighter,True,Heinz Hoffmann,East German defense minister,heinz-hoffmann-east-german-politician,politics,95.0,18757.0,343549.0,10,10,13
Heinz Melkus,heinz-melkus,athlete,low,Obscure,225,8.0,athlete; chauffeur; design engineer; racing automobile driver; racing driver,True,Heinz Melkus,East German racing driver and constructor,heinz-melkus-racing,sports,95.0,11406.0,343489.0,4,11,13
Helena Araújo,helena-ara~fa~jo,novelist,low,Obscure,146,10.0,essayist; hispanist; literary critic; novelist; prose writer; university teacher; writer,True,Helena Araújo,Colombian feminist writer,helena-araujo-colombian-writer,writing,85.0,54553.0,343495.0,9,6,13
Helge Payer,helge-payer,journalist,low,Obscure,203,16.0,association football player; journalist,True,Helge Payer,Austrian former football goalkeeper,helge-payer-footballer,sports,95.0,30790.0,343514.0,6,7,13
Henry Vahl,henry-vahl,musician,low,Obscure,176,9.0,actor; film actor; musician; popular actor; singer; stage actor,True,Henry Vahl,Danish musical-theatre performer,henry-vahl-danish-actor,film-tv,40.0,,,4,1,13
Herman Brusselmans,herman-brusselmans,novelist,pdcopyright,Novelist (in-copyright),729,,novelist,True,Herman Brusselmans,Flemish novelist and columnist,herman-brusselmans-writer,writing,95.0,10294.0,343581.0,4,11,13
Herman Murray,herman-murray,athlete,low,Obscure,121,11.0,Olympic champion; athlete; ice hockey player,True,Herman Murray,Canadian ice hockey player,herman-murray-ice-hockey,sports,80.0,123446.0,343506.0,8,3,13
Hienadz Karpienka,hienadz-karpienka,scientist,low,Obscure,154,9.0,engineer; politician; scientist,True,Hienadz Karpienka,Belarusian opposition politician,hienadz-karpienka-politician,politics,85.0,26259.0,343513.0,4,9,13
Hillary Clinton,hillary-clinton,politician,famous,Household name,198786,196.0,,True,Hillary Rodham Clinton,American politician and diplomat,hillary-rodham-clinton,politics,100.0,142.0,343423.0,1,13,13
Hilton Jefferson,hilton-jefferson,musician,low,Obscure,194,6.0,jazz musician; musician; saxophonist,True,Hilton Jefferson,American jazz alto saxophonist,hilton-jefferson-jazz-saxophonist,music,95.0,21620.0,343488.0,4,10,13
Hovhannes Imastaser,hovhannes-imastaser,scientist,low,Obscure,187,12.0,matenagir; philosopher; scientist; teacher,True,Hovhannes Imastaser,Medieval Armenian philosopher and theologian,hovhannes-imastaser,religion,90.0,14967.0,343498.0,1,11,13
Huang Nubo,huang-nubo,athlete,low,Obscure,212,8.0,athlete; businessperson; entrepreneur; mountaineer; poet; writer,True,Huang Nubo,Chinese real estate tycoon,huang-nubo-business,business,95.0,13025.0,343498.0,4,11,13
Hugo Maradona,hugo-maradona,athlete,high,Well-known,2023,30.0,association football coach; association football player; athlete,True,Hugo Maradona,"Argentine footballer, Diego's brother",hugo-maradona,sports,95.0,15319.0,343453.0,1,10,13
Ibrāhīm al-khawāṣṣ,ibr~101~h~12b~m-al~2d~khaw~101~~1e63~~1e63~,scientist,low,Obscure,179,8.0,Islamic jurist; Sufi; dawah; scientist,True,Ibrāhīm al-Khawāṣṣ,Maliki jurist and scholar,ibrahim-al-khawwas-jurist,religion,35.0,,,7,1,13
Irshad Manji,irshad-manji,journalist,high,Well-known,2822,38.0,journalist; women's rights activist; writer,True,Irshad Manji,Canadian Islamic reform author,irshad-manji,writing,95.0,6611.0,343473.0,1,12,13
Ivo Sanader,ivo-sanader,politician,high,Well-known,2347,59.0,journalist; literary scholar; politician,True,Ivo Sanader,"Croatian PM 2003-2009, HDZ leader",ivo-sanader,politics,95.0,5950.0,343420.0,2,12,13
Jack White,jack-white,athlete,deushared,Shared-name German footballer,5053,,association football player,True,Jack White,American football coach,jack-white-american-football-coach,sports,35.0,,,11,1,13
Jakov Lind,jakov-lind,actor,low,Obscure,199,14.0,actor; film director; painter; playwright; translator; writer,True,Jakov Lind,Austrian-British Holocaust-survivor writer,jakov-lind-writer,writing,90.0,11112.0,343484.0,3,11,13
James Oliver Curwood,james-oliver-curwood,novelist,pdpublic,Novelist (public-domain),1555,,novelist,True,James Oliver Curwood,American wilderness adventure novelist,james-oliver-curwood,writing,95.0,2864.0,343568.0,1,13,13
James Scullin,james-scullin,politician,high,Well-known,2501,39.0,diplomat; head of government; politician,True,James Scullin,9th Prime Minister of Australia,james-scullin-pm,politics,95.0,2864.0,343423.0,2,13,13
Jan Baptist van Helmont,jan-baptist-van-helmont,scientist,high,Well-known,3129,48.0,alchemist; chemist; philosopher; physician; physician writer; physicist; physiologist; scientist; writer,True,Jan Baptist van Helmont,Flemish chemist and physician,jan-baptist-van-helmont,science,95.0,2698.0,343470.0,1,13,13
Jan Costin Wagner,jan-costin-wagner,musician,low,Obscure,162,9.0,musician; writer,True,Jan Costin Wagner,German crime novelist,jan-costin-wagner-german-crime-novelist,writing,95.0,19807.0,343489.0,4,9,13
Jane Ellen Harrison,jane-ellen-harrison,scientist,high,Well-known,1767,30.0,anthropologist; archaeologist; art historian; classical philologist; classical scholar; essayist; linguist; mythographer; scientist; suffragist; university teacher; writer,True,Jane Ellen Harrison,British classical scholar and mythologist,jane-ellen-harrison-classical-scholar,science,95.0,8840.0,343472.0,4,11,13
Jane Goodall,jane-goodall,scientist,famous,Household name,335428,120.0,,True,Jane Goodall,British primatologist and chimpanzee researcher,jane-goodall,science,100.0,930.0,343420.0,2,13,13
Jean-Baptiste Alphonse Karr,jean~2d~baptiste-alphonse-karr,novelist,pdpublic,Novelist (public-domain),1364,,novelist,True,Jean-Baptiste Alphonse Karr,19th-century French writer,jean-baptiste-alphonse-karr,writing,95.0,7279.0,343568.0,1,12,13
Jean-Pierre Raffarin,jean~2d~pierre-raffarin,politician,high,Well-known,2001,52.0,head of government; lawyer; politician,True,Jean-Pierre Raffarin,French Prime Minister 2002-2005,jean-pierre-raffarin,politics,95.0,2864.0,343470.0,1,13,13
Joachim Starbatty,joachim-starbatty,politician,low,Obscure,182,7.0,economist; politician; university teacher,True,Joachim Starbatty,German economist and eurosceptic politician,joachim-starbatty,politics,95.0,9473.0,343471.0,1,12,13
Joan Perucho,joan-perucho,novelist,low,Obscure,168,9.0,art critic; judge; jurist; novelist; poet; restaurateur; writer,True,Joan Perucho,Catalan fantasy writer,joan-perucho-writer,writing,95.0,15234.0,343514.0,4,10,13
Johan Ludvig Runeberg,johan-ludvig-runeberg,journalist,high,Well-known,2242,59.0,hymnwriter; journalist; poet; teacher; writer,True,Johan Ludvig Runeberg,Finnish national poet,johan-ludvig-runeberg,writing,95.0,2291.0,343473.0,1,13,13
Johan Micoud,johan-micoud,athlete,nameuniq,Unique name,2226,,association football player; color commentator,True,Johan Micoud,French attacking midfielder footballer,johan-micoud-footballer,sports,95.0,14421.0,343560.0,4,10,13
Johann Andreas Schubert,johann-andreas-schubert,scientist,low,Obscure,178,9.0,bandleader; civil engineer; composer; engineer; entrepreneur; executive; mathematician; pedagogue; scientist; university teacher,True,Johann Andreas Schubert,German steam-locomotive engineer,johann-andreas-schubert-engineer,tech,90.0,19516.0,343509.0,6,9,13
John Hutchinson,john-hutchinson,athlete,nameshared,Shared name (4+ namesakes),882,,association football coach; association football player,True,John Hutchinson,"English footballer, 1930s full-back",john-hutchinson-footballer-english,sports,45.0,,,16,1,13
Jonathan Hogg,jonathan-hogg,athlete,nameshared,Shared name (4+ namesakes),1836,,association football player,True,Jonathan Hogg,English professional footballer,jonathan-hogg-footballer,sports,95.0,24152.0,343513.0,12,9,13
Jorge Ibargüengoitia,jorge-ibarg~fc~engoitia,journalist,high,Well-known,2357,23.0,journalist; novelist; playwright; writer,True,Jorge Ibargüengoitia,Mexican satirical novelist,jorge-ibarguengoitia-writer,writing,95.0,18794.0,343453.0,4,9,13
Joseph Liouville,joseph-liouville,scientist,high,Well-known,2325,47.0,astronomer; engineer; mathematician; politician; professor; scientist; university teacher,True,Joseph Liouville,French 19th-century mathematician,joseph-liouville,science,100.0,2478.0,343471.0,1,13,13
Joseph Schmidt,joseph-schmidt,actor,nameshared,Shared name (4+ namesakes),988,,actor; film actor; hazzan; musician; opera singer; singer,True,Joseph Schmidt,Austro-Hungarian tenor,joseph-schmidt-tenor,music,,17715.0,343555.0,8,10,13
Josh Sussman,josh-sussman,actor,nameuniq,Unique name,1763,,actor; film actor; television actor,True,Josh Sussman,American actor,josh-sussman-actor,film-tv,90.0,26967.0,343557.0,6,8,13
Joy Fielding,joy-fielding,novelist,pdcopyright,Novelist (in-copyright),993,,novelist,True,Joy Fielding,Canadian thriller novelist,joy-fielding-author,writing,95.0,10112.0,343557.0,5,11,13
Julius Hirsch,julius-hirsch,athlete,deushared,Shared-name German footballer,1150,,association football player,True,Julius Hirsch,German Jewish footballer,julius-hirsch-footballer,sports,95.0,19698.0,343413.0,11,9,13
Jô Soares,j~f4~-soares,novelist,pdcopyright,Novelist (in-copyright),1076,,novelist,True,Jô Soares,Brazilian comedian and TV host,jo-soares-comedian,film-tv,95.0,9077.0,343579.0,2,11,13
Karl Henry,karl-henry,athlete,nameuniq,Unique name,1326,,association football player,True,Karl Henry,English former football midfielder,karl-henry-footballer,sports,,26132.0,343555.0,9,10,13
Karlheinz Förster,karlheinz-f~f6~rster,athlete,deuuniq,Unique-name German footballer,1340,,association football player,True,Karlheinz Förster,German football defender,karlheinz-forster-footballer,sports,95.0,10671.0,343415.0,3,11,13
Kathryn Lasky,kathryn-lasky,novelist,pdcopyright,Novelist (in-copyright),1963,,novelist,True,Kathryn Lasky,children's fantasy author,kathryn-lasky-author,writing,95.0,8958.0,343581.0,3,11,13
Katy Garbi,katy-garbi,musician,high,Well-known,1470,23.0,musician; singer,True,Katy Garbi,Greek pop and laïko singer,katy-garbi-greek-singer,music,95.0,17344.0,343471.0,3,10,13
Kim Tal-su,kim-tal~2d~su,novelist,low,Obscure,105,5.0,novelist; writer,True,Kim Tal-su,Zainichi Korean novelist,kim-tal-su-writer,writing,85.0,84834.0,343506.0,6,4,13
Klaus Balkenhol,klaus-balkenhol,athlete,low,Obscure,195,16.0,athlete; coach; dressage rider; dressage trainer; equestrian,True,Klaus Balkenhol,German Olympic dressage rider,klaus-balkenhol-equestrian,sports,95.0,20005.0,343488.0,4,9,13
Klaus Fischer,klaus-fischer,athlete,nameshared,Shared name (4+ namesakes),2256,,association football coach; association football player,True,Klaus Fischer,German football striker,klaus-fischer-footballer,sports,95.0,7774.0,343555.0,6,12,13
Kotono Mitsuishi,kotono-mitsuishi,actor,high,Well-known,5757,28.0,actor; film actor; narrator; radio personality; recording artist; seiyū; singer,True,Kotono Mitsuishi,Japanese voice actress,kotono-mitsuishi,film-tv,95.0,3261.0,343470.0,1,13,13
Kubanychbek Jumaliyev,kubanychbek-jumaliyev,politician,low,Obscure,177,9.0,politician,True,Kubanychbek Jumaliyev,Kyrgyz politician and former PM,kubanychbek-jumaliyev-politician,politics,85.0,27508.0,343473.0,4,9,13
Kurt Julius Goldstein,kurt-julius-goldstein,journalist,low,Obscure,221,9.0,journalist; writer,True,Kurt Julius Goldstein,German communist Holocaust survivor,kurt-julius-goldstein-holocaust-survivor,politics,85.0,42239.0,343514.0,6,6,13
Kurt Landau,kurt-landau,politician,low,Obscure,183,11.0,politician,True,Kurt Landau,Austrian Trotskyist activist,kurt-landau-trotskyist,politics,85.0,31200.0,343472.0,8,8,13
Kurt Landauer,kurt-landauer,athlete,deuuniq,Unique-name German footballer,1041,,association football player,True,Kurt Landauer,FC Bayern Munich president,kurt-landauer-bayern,sports,95.0,14733.0,343436.0,5,10,13
Kwesi Ahoomey-Zunu,kwesi-ahoomey~2d~zunu,politician,low,Obscure,181,14.0,minister; politician,True,Kwesi Ahoomey-Zunu,Togolese former Prime Minister,kwesi-ahoomey-zunu-togo,politics,85.0,42151.0,343472.0,3,6,13
Laila Lalami,laila-lalami,novelist,high,Well-known,2466,23.0,essayist; journalist; linguist; novelist; university teacher; writer,True,Laila Lalami,Moroccan-American novelist and essayist,laila-lalami,writing,95.0,8802.0,343472.0,2,11,13
Lasha Bekauri,lasha-bekauri,athlete,high,Well-known,2196,40.0,athlete; judoka,True,Lasha Bekauri,Georgian Olympic judoka,lasha-bekauri-judoka,sports,90.0,31423.0,343453.0,7,7,13
Leonardo Favio,leonardo-favio,actor,high,Well-known,3415,25.0,actor; composer; film actor; film director; film producer; screenwriter; singer,True,Leonardo Favio,"Argentine singer, actor, film director",leonardo-favio-argentine,film-tv,95.0,6652.0,343453.0,2,12,13
Leopold Sonnemann,leopold-sonnemann,journalist,low,Obscure,215,10.0,banker; journalist; politician; publisher,True,Leopold Sonnemann,German publisher and politician,leopold-sonnemann-publisher,media,95.0,12154.0,343496.0,5,11,13
Lionel Messi,lionel-messi,athlete,famous,Household name,677288,219.0,,True,Lionel Messi,Argentine football superstar,lionel-messi,sports,100.0,2.0,343431.0,1,13,13
Lisa Batiashvili,lisa-batiashvili,musician,high,Well-known,2866,22.0,musician; violinist,True,Lisa Batiashvili,Georgian-German classical violinist,lisa-batiashvili-violinist,music,95.0,9114.0,343470.0,3,11,13
Lluís Quintana-Murci,llu~ed~s-quintana~2d~murci,scientist,low,Obscure,175,7.0,biologist; geneticist; human evolution; professor; researcher; scientist; university teacher,True,Lluís Quintana-Murci,French-Spanish population geneticist,llu-s-quintana-murci-geneticist,science,95.0,7826.0,343501.0,1,12,13
Louis Nirenberg,louis-nirenberg,scientist,high,Well-known,2228,31.0,mathematician; scientist; university teacher,True,Louis Nirenberg,Canadian-American mathematician,louis-nirenberg-mathematician,science,95.0,8257.0,343470.0,3,11,13
Lucien Laurent,lucien-laurent,athlete,high,Well-known,1755,42.0,association football coach; association football player; athlete,True,Lucien Laurent,French Olympic cyclist 1900,lucien-laurent-cyclist,sports,30.0,,,4,1,13
Ludwig Achim von Arnim,ludwig-achim-von-arnim,novelist,pdpublic,Novelist (public-domain),1072,,novelist,True,Ludwig Achim von Arnim,German Romantic poet,ludwig-achim-von-arnim,writing,95.0,3163.0,343585.0,1,13,13
Léo Errera,l~e9~o-errera,scientist,low,Obscure,166,9.0,botanist; physiologist; scientist; university teacher,True,Léo Errera,Belgian botanist and plant physiologist,leo-errera-botanist,science,85.0,25547.0,343500.0,4,9,13
Léon Daudet,l~e9~on-daudet,novelist,high,Well-known,2539,27.0,biographer; journalist; literary critic; memoirist; novelist; opinion journalist; politician; writer,True,Léon Daudet,French royalist writer and journalist,leon-daudet,writing,95.0,8927.0,343471.0,2,11,13
Madame de Lafayette,madame-de-lafayette,novelist,pdpublic,Novelist (public-domain),1752,,novelist,True,Madame de Lafayette,2010 historical fiction novel,madame-de-lafayette-novel,writing,,,,3,1,13
Majid Majidi,majid-majidi,actor,high,Well-known,6350,42.0,actor; director; film actor; film director; film producer; screenwriter,True,Majid Majidi,Iranian film director,majid-majidi,film-tv,95.0,5889.0,343470.0,1,12,13
Manfred von Ardenne,manfred-von-ardenne,scientist,high,Well-known,2318,30.0,inventor; physicist; politician; scientist; university teacher,True,Manfred von Ardenne,German physicist and inventor,manfred-von-ardenne,science,95.0,5265.0,343447.0,2,12,13
Marcus Hahnemann,marcus-hahnemann,athlete,deuuniq,Unique-name German footballer,1940,,association football player,True,Marcus Hahnemann,American soccer goalkeeper,marcus-hahnemann-soccer,sports,95.0,10066.0,343432.0,4,11,13
Margaret Atwood,margaret-atwood,novelist,famous,Household name,80266,109.0,,True,Margaret Atwood,Canadian novelist and poet,margaret-atwood-author,writing,100.0,1234.0,343450.0,3,13,13
Maria Osten,maria-osten,journalist,low,Obscure,184,8.0,children's writer; journalist; writer,True,Maria Osten,German journalist and Soviet agent,maria-osten-german-journalist,writing,85.0,21951.0,343484.0,5,10,13
Marika Rökk,marika-r~f6~kk,actor,high,Well-known,1168,37.0,actor; dancer; film actor; musician; opera singer; singer; stage actor,True,Marika Rökk,Hungarian-German film actress and dancer,marika-rokk-actress,film-tv,95.0,9597.0,343454.0,4,11,13
Marina Anissina,marina-anissina,athlete,high,Well-known,3166,26.0,athlete; figure skater; figure skating choreographer; ice dancer,True,Marina Anissina,French-Russian Olympic ice dancer,marina-anissina-ice-dancer,sports,95.0,10239.0,343471.0,3,11,13
María Elena Walsh,mar~ed~a-elena-walsh,novelist,high,Well-known,2550,43.0,children's writer; composer; film score composer; journalist; novelist; poet; screenwriter; singer; singer-songwriter; writer,True,María Elena Walsh,Argentine children's author and songwriter,maria-elena-walsh-argentine,writing,95.0,5693.0,343481.0,3,12,13
Massimo Troisi,massimo-troisi,actor,high,Well-known,5022,44.0,actor; director; film actor; film director; poet; screenwriter,True,Massimo Troisi,"Italian actor-director, Il Postino",massimo-troisi,film-tv,95.0,8560.0,343453.0,1,11,13
Maurice Barrès,maurice-barr~e8~s,novelist,high,Well-known,2259,58.0,journalist; novelist; politician; writer,True,Maurice Barrès,French nationalist novelist-politician,maurice-barres,writing,95.0,2995.0,343472.0,1,13,13
Maurice Béjart,maurice-b~e9~jart,musician,high,Well-known,1958,57.0,author; ballet dancer; ballet master; choreographer; cinematographer; costume designer; dancer; film actor; film director; film screenwriter; lighting designer; musician; scenographer; screenwriter; television director,True,Maurice Béjart,French-Swiss choreographer and dancer,maurice-bejart,arts,95.0,2291.0,343453.0,1,13,13
Max Kruse,max-kruse,athlete,deushared,Shared-name German footballer,2717,,association football player,True,Max Kruse,German poker player,max-kruse-poker,other,70.0,327793.0,343426.0,6,1,13
Mercedes Echerer,mercedes-echerer,actor,low,Obscure,163,8.0,actor; film actor; politician; presenter; speaker; stage actor,True,Mercedes Echerer,Austrian film/TV actress 1970s-80s,mercedes-echerer-actress-70s,film-tv,40.0,,,6,1,13
Meryl Streep,meryl-streep,actor,famous,Household name,368500,132.0,,True,Meryl Streep,acclaimed American actress,meryl-streep,film-tv,100.0,20.0,343436.0,1,13,13
Mete Sözen,mete-s~f6~zen,scientist,low,Obscure,168,5.0,civil engineer; engineer; scientist; structural engineer; university teacher,True,Mete A. Sözen,Turkish-American earthquake engineer,mete-sozen-engineer,science,90.0,33718.0,343489.0,6,7,13
"Michael Spicer, Baron Spicer",michael-spicer~2c~-baron-spicer,novelist,low,Obscure,192,6.0,journalist; novelist; painter; politician; writer,True,"Michael Spicer, Baron Spicer",British Conservative politician and life peer,michael-spicer-baron-spicer,politics,95.0,11850.0,343518.0,3,11,13
Michael Tarnat,michael-tarnat,athlete,deuuniq,Unique-name German footballer,1500,,association football player,True,Michael Tarnat,German former footballer,michael-tarnat-footballer,sports,95.0,17107.0,343423.0,3,10,13
Michel Faber,michel-faber,novelist,high,Well-known,2752,24.0,journalist; novelist; poet; science fiction writer; writer,True,Michel Faber,Dutch-born novelist,michel-faber,writing,95.0,6362.0,343481.0,1,12,13
Michel Suleiman,michel-suleiman,politician,high,Well-known,2734,50.0,President of the Republic; military officer; politician,True,Michel Suleiman,former President of Lebanon,michel-suleiman-lebanese-president,politics,95.0,7067.0,343460.0,3,12,13
Michèle Marian,mich~e8~le-marian,actor,low,Obscure,124,8.0,actor; film actor,True,Michèle Marian,French actress and comedian,michele-marian-french-actress,film-tv,40.0,,,3,2,13
Minako Ōba,minako-~14d~ba,novelist,low,Obscure,111,10.0,literary critic; novelist; poet; short story writer; translator; writer,True,Minako Ōba,Japanese novelist and feminist writer,minako-oba-author,writing,90.0,33228.0,343513.0,5,7,13
Miqdad ibn Aswad,miqdad-ibn-aswad,scientist,high,Well-known,2028,25.0,scientist,True,Miqdad ibn Aswad,Early Muslim companion of Muhammad,miqdad-ibn-aswad,religion,95.0,5889.0,343471.0,1,13,13
Mohamed Waheed Hassan,mohamed-waheed-hassan,politician,nameuniq,Unique name,1817,,politician,True,Mohamed Waheed Hassan Manik,former President of Maldives,mohamed-waheed-hassan-manik,politics,95.0,12577.0,343557.0,2,11,13
Musa Evloev,musa-evloev,athlete,high,Well-known,2780,26.0,amateur wrestler; athlete,True,Musa Evloev,Russian Greco-Roman wrestler,musa-evloev-wrestler,sports,95.0,42703.0,343450.0,4,6,13
Nadine Keßler,nadine-ke~df~ler,athlete,deuuniq,Unique-name German footballer,1169,,association football player,True,Nadine Keßler,German footballer and UEFA executive,nadine-kessler-footballer,sports,95.0,10542.0,343415.0,4,11,13
Natalia Avelon,natalia-avelon,actor,nameuniq,Unique name,1128,,actor; film actor; model; musician; singer,True,Natalia Avelon,Polish-German actress and singer,natalia-avelon-actress,film-tv,90.0,23881.0,343575.0,5,9,13
Neil deGrasse Tyson,neil-degrasse-tyson,scientist,famous,Household name,109063,80.0,,True,Neil deGrasse Tyson,American astrophysicist and science communicator,neil-degrasse-tyson,science,100.0,248.0,343447.0,1,13,13
Nh. Dini,nh~2e~-dini,novelist,pdcopyright,Novelist (in-copyright),1258,,novelist,True,Nh. Dini,Indonesian novelist and feminist,nh-dini-indonesian-novelist,writing,,26723.0,343581.0,5,8,13
Nicholas Patrick Stephen Wiseman,nicholas-patrick-stephen-wiseman,novelist,pdpublic,Novelist (public-domain),1313,,novelist,True,Nicholas Patrick Stephen Wiseman,British author and TV presenter,nicholas-patrick-stephen-wiseman-tv,media,,233968.0,343584.0,3,1,13
Nicolas Höfler,nicolas-h~f6~fler,athlete,deuuniq,Unique-name German footballer,877,,association football player,True,Nicolas Höfler,German defensive midfielder for SC Freiburg,nicolas-hofler-footballer-sc-freiburg,sports,95.0,19741.0,343453.0,5,9,13
Nils Petersen,nils-petersen,athlete,deushared,Shared-name German footballer,2134,,association football player,True,Nils Petersen,German football striker,nils-petersen-footballer,sports,95.0,7238.0,343420.0,9,12,13
Nino Schurter,nino-schurter,athlete,high,Well-known,2217,24.0,Olympic champion; athlete; sport cyclist,True,Nino Schurter,Swiss cross-country mountain biker,nino-schurter,sports,95.0,4722.0,343470.0,1,12,13
Norbert Siegmann,norbert-siegmann,athlete,deuuniq,Unique-name German footballer,708,,association football player,True,Norbert Siegmann,German football defender 1970s–1980s,norbert-siegmann-footballer,sports,85.0,55487.0,343418.0,7,5,13
Norman Spinrad,norman-spinrad,novelist,pdcopyright,Novelist (in-copyright),2078,,novelist,True,Norman Spinrad,American science-fiction author,norman-spinrad,writing,95.0,2808.0,343581.0,1,13,13
Otto Meissner,otto-meissner,politician,nameshared,Shared name (4+ namesakes),1859,,diplomat; jurist; politician; secretary of state,True,Otto Meissner,Weimar Republic state secretary,otto-meissner-diplomat,politics,,277240.0,343522.0,5,1,13
Otto Richard Kierulf,otto-richard-kierulf,politician,low,Obscure,158,9.0,military officer; politician,True,Otto Richard Kierulf,Norwegian PM 1871-1884,otto-richard-kierulf-politician,politics,85.0,94433.0,343471.0,8,3,13
Patrick Bauer,patrick-bauer,athlete,deushared,Shared-name German footballer,1696,,association football player,True,Patrick Bauer,German professional footballer,patrick-bauer-footballer,sports,95.0,29235.0,343413.0,12,9,13
Patrick Tambay,patrick-tambay,athlete,high,Well-known,2869,35.0,Formula One driver; athlete; journalist; politician; racing automobile driver,True,Patrick Tambay,French Formula One racing driver,patrick-tambay-f1-driver,sports,95.0,8958.0,343460.0,3,11,13
Paul McCartney,paul-mccartney,musician,famous,Household name,372639,148.0,,True,Paul McCartney,Beatles bassist and singer-songwriter,paul-mccartney,music,100.0,1.0,343436.0,1,13,13
Paul Scarron,paul-scarron,novelist,pdpublic,Novelist (public-domain),1051,,novelist,True,Paul Scarron,17th-century French poet and dramatist,paul-scarron,writing,95.0,3789.0,343583.0,1,13,13
Peter Berglar,peter-berglar,journalist,low,Obscure,127,7.0,author; historian; internist; journalist; physician; university teacher,True,Peter Berglar,German historian and biographer,peter-berglar-historian,writing,85.0,28206.0,343500.0,3,8,13
Peter Kraus,peter-kraus,actor,nameshared,Shared name (4+ namesakes),1250,,actor; director; film actor; film director; guitarist; musician; recording artist; singer; stage actor; television presenter,True,Peter Kraus,Austrian TV and film actor,peter-kraus-austrian-actor-tv,film-tv,,194631.0,343555.0,16,2,13
Peter Struck,peter-struck,politician,nameshared,Shared name (4+ namesakes),1253,,jurist; lawyer; politician,True,Peter Struck,German SPD politician,peter-struck-german-politician,politics,95.0,32816.0,343515.0,6,7,13
Petra Gerster,petra-gerster,journalist,low,Obscure,226,5.0,editing staff; journalist; news presenter; presenter; television presenter,True,Petra Gerster,German TV news anchor,petra-gerster-german-journalist,media,95.0,11691.0,343515.0,4,11,13
Philipp Hofmann,philipp-hofmann,athlete,deushared,Shared-name German footballer,732,,association football player,True,Philipp Hofmann,German professional footballer,philipp-hofmann-footballer,sports,95.0,14489.0,343418.0,9,11,13
Pierre de Marivaux,pierre-de-marivaux,novelist,pdpublic,Novelist (public-domain),1362,,novelist,True,Pierre de Marivaux,French playwright and novelist,pierre-de-marivaux,writing,95.0,2930.0,343583.0,1,13,13
Pierre Louÿs,pierre-lou~ff~s,novelist,high,Well-known,2771,48.0,novelist; photographer; poet; translator,True,Pierre Louÿs,French erotic poet and novelist,pierre-louys,writing,95.0,6059.0,343481.0,2,12,13
Pietro Mennea,pietro-mennea,politician,high,Well-known,2780,44.0,athletics competitor; lawyer; politician; sprinter,True,Pietro Mennea,Italian Olympic sprinter,pietro-mennea,sports,95.0,2056.0,343453.0,1,13,13
Prince Henry of Prussia,prince-henry-of-prussia,politician,nameshared,Shared name (4+ namesakes),1858,,aircraft pilot; military personnel; politician; soldier,True,Prince Henry of Prussia,Prussian general and statesman,prince-henry-1726-1802,politics,95.0,22058.0,343515.0,6,9,13
Princess Wilhelmine of Baden,princess-wilhelmine-of-baden,politician,high,Well-known,2496,32.0,politician,True,Wilhelmine of Baden,Grand Duchess of Hesse,wilhelmine-of-baden-1788,politics,95.0,24370.0,343442.0,4,8,13
Rafael Lucio,rafael-lucio,scientist,low,Obscure,182,5.0,physician; scientist,True,Rafael Lucio Nájera,19th-century Mexican physician,rafael-lucio-najera,science,85.0,59162.0,343488.0,11,5,13
Reinhard Genzel,reinhard-genzel,scientist,high,Well-known,2322,60.0,astronomer; astrophysicist; scientist; university teacher,True,Reinhard Genzel,German astrophysicist Nobel laureate,reinhard-genzel,science,95.0,4418.0,343450.0,1,12,13
Robert Michael Ballantyne,robert-michael-ballantyne,novelist,pdpublic,Novelist (public-domain),1574,,novelist,True,Robert Michael Ballantyne,Scottish juvenile fiction author,robert-michael-ballantyne-scottish-author,writing,95.0,10389.0,343582.0,5,11,13
Roberto Alagna,roberto-alagna,musician,high,Well-known,3122,31.0,actor; autobiographer; musician; opera singer; street artist,True,Roberto Alagna,French-Italian operatic tenor,roberto-alagna-tenor,music,95.0,5843.0,343471.0,2,12,13
Rod Thomas,rod-thomas,athlete,nameshared,Shared name (4+ namesakes),1232,,association football player,True,Rod Thomas,American NFL linebacker,rod-thomas-american-football-nfl,sports,65.0,146997.0,343555.0,15,3,13
Rohan Dennis,rohan-dennis,athlete,high,Well-known,2774,30.0,athlete; sport cyclist; track cyclist,True,Rohan Dennis,Australian professional cyclist,rohan-dennis-cyclist,sports,95.0,10239.0,343447.0,3,11,13
Roman Neustädter,roman-neust~e4~dter,athlete,nameuniq,Unique name,1389,,association football player,True,Roman Neustädter,German-Russian professional footballer,roman-neustadter-footballer,sports,95.0,14581.0,343564.0,3,10,13
Rosalía de Castro,rosal~ed~a-de-castro,novelist,high,Well-known,1988,59.0,novelist; poet; short story writer; writer,True,Rosalía de Castro,19th-century Galician poet,rosalia-de-castro-poet,writing,95.0,5037.0,343470.0,2,12,13
Rudi Gutendorf,rudi-gutendorf,athlete,deuuniq,Unique-name German footballer,787,,association football player,True,Rudi Gutendorf,German football manager,rudi-gutendorf-football-manager,sports,95.0,9067.0,343453.0,4,11,13
Rudolf Schottlaender,rudolf-schottlaender,journalist,low,Obscure,148,6.0,classical philologist; journalist; linguist; philosopher; translator; university teacher; writer,True,Rudolf Schottlaender,German classical philologist and philosopher,rudolf-schottlaender-philosopher,science,85.0,29295.0,343498.0,6,8,13
Ruedi Walter,ruedi-walter,musician,low,Obscure,191,7.0,actor; cabaret performer; film actor; musician; stage actor; television actor,True,Ruedi Walter,Swiss actor and comedian,ruedi-walter-actor,film-tv,90.0,19626.0,343498.0,3,10,13
Ruslan Kazakbayev,ruslan-kazakbayev,politician,low,Obscure,158,9.0,diplomat; jurist; politician,True,Ruslan Kazakbayev,Kyrgyz Foreign Minister,ruslan-kazakbayev-kyrgyz-diplomat,politics,85.0,44857.0,343473.0,7,6,13
Sandrine Kiberlain,sandrine-kiberlain,musician,high,Well-known,2708,35.0,actor; film actor; film director; musician; screenwriter; singer; stage actor; television actor,True,Sandrine Kiberlain,French singer-songwriter,sandrine-kiberlain-singer,music,30.0,,,2,1,13
Saskia Sassen,saskia-sassen,scientist,high,Well-known,2564,38.0,economist; researcher; scientist; sociologist; theorist; university teacher; urban planner; writer,True,Saskia Sassen,Dutch-American sociologist,saskia-sassen,science,95.0,2361.0,343450.0,1,13,13
Scott O'Dell,scott-o~27~dell,novelist,high,Well-known,2529,22.0,children's writer; novelist; writer; young adult author,True,Scott O'Dell,American children's author,scott-odell,writing,95.0,3101.0,343470.0,1,13,13
Sebastian Boenisch,sebastian-boenisch,athlete,deuuniq,Unique-name German footballer,734,,association football player,True,Sebastian Boenisch,German-Polish footballer,sebastian-boenisch-footballer,sports,90.0,13713.0,343454.0,3,11,13
Sepp Schönmetzler,sepp-sch~f6~nmetzler,athlete,low,Obscure,148,7.0,athlete; figure skater; journalist,True,Sepp Schönmetzler,German figure skater and coach,sepp-schonmetzler-figure-skater,sports,75.0,147458.0,343473.0,7,2,13
Serena Williams,serena-williams,athlete,famous,Household name,215835,124.0,,True,Serena Williams,American tennis champion,serena-williams-tennis,sports,100.0,3982.0,343447.0,3,12,13
Shawn Parker,shawn-parker,athlete,deuuniq,Unique-name German footballer,719,,association football player,True,Shawn Parker,Former NFL tight end,shawn-parker-american-football,sports,75.0,207367.0,343455.0,12,2,13
Shirley Horn,shirley-horn,musician,high,Well-known,2894,22.0,jazz musician; jazz singer; musician; pianist; recording artist; singer,True,Shirley Horn,American jazz singer-pianist,shirley-horn-jazz,music,95.0,5265.0,343442.0,1,12,13
Sibylle Berg,sibylle-berg,novelist,pdcopyright,Novelist (in-copyright),1105,,novelist,True,Sibylle Berg,Swiss-German novelist and playwright,sibylle-berg-author,writing,95.0,10721.0,343555.0,4,11,13
Sidney Sam,sidney-sam,athlete,deuuniq,Unique-name German footballer,835,,association football player,True,Sidney Sam,German professional footballer,sidney-sam-footballer,sports,95.0,24245.0,343442.0,4,8,13
Silvestre Varela,silvestre-varela,athlete,nameuniq,Unique name,1427,,association football coach; association football player,True,Silvestre Varela,Portuguese winger footballer,silvestre-varela-portuguese-footballer,sports,95.0,18795.0,343553.0,4,9,13
Silvia Seidel,silvia-seidel,actor,nameuniq,Unique name,1182,,actor; film actor; television actor,True,Silvia Seidel,German actress known for 1987 TV series Anna,silvia-seidel-actress,film-tv,,22282.0,343560.0,5,9,13
Sima Guang,sima-guang,politician,high,Well-known,2028,39.0,historian; lexicographer; politician; writer,True,Sima Guang,Song dynasty historian and statesman,sima-guang-historian,science,95.0,8364.0,343461.0,2,11,13
Simone Laudehr,simone-laudehr,athlete,deuuniq,Unique-name German footballer,899,,association football player,True,Simone Laudehr,German World-Cup-winning midfielder,simone-laudehr-footballer,sports,95.0,11461.0,343426.0,2,11,13
Stefan Doernberg,stefan-doernberg,journalist,low,Obscure,132,7.0,author; diplomat; historian; journalist; textbook writer; university teacher; writer,True,Stefan Doernberg,East German historian and diplomat,stefan-doernberg-historian,politics,85.0,83298.0,343513.0,10,4,13
Stefan Raab,stefan-raab,musician,high,Well-known,2583,46.0,butcher; comedian; composer; entertainer; entrepreneur; musician; presenter; television presenter; television producer,True,Stefan Raab,German TV host comedian musician,stefan-raab-entertainer,media,95.0,5640.0,343453.0,3,12,13
Stephen Hawking,stephen-hawking,scientist,famous,Household name,315780,199.0,,True,Stephen Hawking,British theoretical physicist,stephen-hawking-physicist,science,100.0,20.0,343426.0,2,13,13
Stephen King,stephen-king,novelist,famous,Household name,261041,147.0,,True,Stephen King,American horror novelist,stephen-king-author,writing,100.0,118.0,343460.0,4,13,13
Sufi Abu Taleb,sufi-abu-taleb,scientist,high,Well-known,2225,27.0,acting president; member of parliament; politician; scientist,True,Sufi Abu Taleb,Egyptian acting president 1981,sufi-abu-taleb-egyptian-politician,politics,90.0,35078.0,343453.0,5,7,13
Svetozar Gligorić,svetozar-gligori~107~,journalist,high,Well-known,1995,36.0,Grandmaster; autobiographer; chess player; journalist; writer,True,Svetozar Gligorić,Serbian chess grandmaster,svetozar-gligoric-chess,sports,95.0,6334.0,343473.0,3,12,13
Sándor Márai,s~e1~ndor-m~e1~rai,journalist,high,Well-known,2946,55.0,journalist; novelist; opinion journalist; poet; screenwriter; translator; writer,True,Sándor Márai,Hungarian novelist and journalist,sandor-mara-writer,writing,95.0,4962.0,343475.0,3,12,13
Taeko Kono,taeko-kono,novelist,low,Obscure,239,10.0,literary critic; novelist; writer,True,Taeko Kono,Japanese psychological fiction writer,taeko-kono-writer,writing,95.0,32957.0,343495.0,3,7,13
Taylor Swift,taylor-swift,musician,famous,Household name,909792,174.0,,True,Taylor Swift,American singer-songwriter,taylor-swift-singer,music,100.0,2.0,343453.0,2,13,13
Tekin Kurtuluş,tekin-kurtulu~15f~,actor,low,Obscure,159,6.0,actor; film actor; singer; television actor,True,Tekin Kurtuluş,Turkish-German actor,tekin-kurtulus-actor,film-tv,85.0,42704.0,343488.0,3,6,13
Thomas E. Starzl,thomas-e~2e~-starzl,scientist,high,Well-known,2124,23.0,physician; scientist; surgeon; university teacher,True,Thomas E. Starzl,pioneer transplant surgeon,thomas-e-starzl,science,95.0,1951.0,343454.0,1,13,13
Tom Hanks,tom-hanks,actor,famous,Household name,300084,134.0,,True,Tom Hanks,Oscar-winning American actor,tom-hanks-actor,film-tv,100.0,118.0,343461.0,1,13,13
Ursula Herking,ursula-herking,musician,low,Obscure,189,14.0,actor; cabaret performer; composer; film actor; musician; singer; stage actor,True,Ursula Herking,German actress and cabaret performer,ursula-herking-actress,film-tv,85.0,17601.0,343487.0,2,10,13
Usain Bolt,usain-bolt,athlete,famous,Household name,135614,136.0,,True,Usain Bolt,Jamaican Olympic sprinter,usain-bolt,sports,100.0,52.0,343453.0,1,13,13
Vilém Flusser,vil~e9~m-flusser,journalist,high,Well-known,2039,28.0,art historian; communication scholar; docent; journalist; philosopher; photographer; university teacher; writer,True,Vilém Flusser,Czech-Brazilian media philosopher,vilem-flusser,writing,95.0,3101.0,343470.0,1,13,13
Vitaly Scherbo,vitaly-scherbo,athlete,high,Well-known,1720,42.0,artistic gymnast; athlete,True,Vitaly Scherbo,Belarusian Olympic gymnast,vitaly-scherbo-gymnast,sports,95.0,13564.0,343447.0,3,10,13
Walker Hamilton,walker-hamilton,novelist,low,Obscure,131,6.0,novelist,True,Walker Hamilton,Scottish novelist,walker-hamilton-author,writing,75.0,123450.0,343518.0,6,3,13
Walter Mahlendorf,walter-mahlendorf,athlete,low,Obscure,165,17.0,athlete; athletics competitor; sprinter,True,Walter Mahlendorf,German Olympic sprinter,walter-mahlendorf-olympic-sprinter,sports,85.0,97891.0,343475.0,9,3,13
Warner Oland,warner-oland,actor,high,Well-known,6279,22.0,actor; film actor; stage actor; translator,True,Warner Oland,Swedish-American actor,warner-oland-actor,film-tv,95.0,5418.0,343453.0,2,12,13
Wayne Carpendale,wayne-carpendale,actor,nameuniq,Unique name,1059,,actor; film actor; stage actor; television presenter,True,Wayne Carpendale,German actor and TV presenter,wayne-carpendale-german,film-tv,90.0,19808.0,343580.0,5,9,13
Werner Schulz,werner-schulz,athlete,deushared,Shared-name German footballer,654,,association football player,True,Werner Schulz,German footballer,werner-schulz-footballer,sports,40.0,,,4,6,13
Wiktor Biegański,wiktor-biega~144~ski,actor,low,Obscure,143,15.0,actor; film actor; film director; film producer; screenwriter; stage actor,True,Wiktor Biegański,Polish silent-film director and actor,wiktor-bieganski-film-director,film-tv,85.0,41529.0,343471.0,5,6,13
Wilhelm Friedemann Bach,wilhelm-friedemann-bach,musician,high,Well-known,2653,49.0,composer; independent publisher; music arranger; musician; organist; pianist,True,Wilhelm Friedemann Bach,German Baroque composer and organist,wilhelm-friedemann-bach,music,95.0,4506.0,343461.0,1,12,13
Willi Schulz,willi-schulz,athlete,deushared,Shared-name German footballer,871,,association football player,True,Willi Schulz,German football defender,willi-schulz-footballer,sports,90.0,16094.0,343415.0,3,11,13
Wojtek Czyz,wojtek-czyz,athlete,low,Obscure,220,5.0,athlete; athletics competitor; badminton player; para athletics competitor; para badminton player; sports scientist,True,Wojtek Czyz,German Paralympic sprinter and long-jumper,wojtek-czyz-paralympian,sports,90.0,68416.0,343484.0,7,4,13
Wolfgang Frank,wolfgang-frank,athlete,deushared,Shared-name German footballer,1051,,association football player,True,Wolfgang Frank,German football manager,wolfgang-frank-football-manager,sports,95.0,26453.0,343413.0,8,8,13
Wolfgang Gehrcke,wolfgang-gehrcke,politician,low,Obscure,168,5.0,politician,True,Wolfgang Gehrcke,German Die Linke politician,wolfgang-gehrcke-politician,politics,95.0,19959.0,343471.0,3,10,13
Wolfgang Wolf,wolfgang-wolf,athlete,deushared,Shared-name German footballer,1020,,association football player,True,Wolfgang Wolf,German football manager,wolfgang-wolf-football-manager,sports,90.0,28319.0,343413.0,6,8,13
Władysław Raczkiewicz,w~142~adys~142~aw-raczkiewicz,politician,high,Well-known,2397,36.0,jurist; lawyer; military personnel; official; politician; public figure,True,Władysław Raczkiewicz,Poland's president-in-exile 1939-1947,wladyslaw-raczkiewicz-exile-president,politics,95.0,9265.0,343442.0,4,11,13
Zarah Leander,zarah-leander,musician,high,Well-known,2966,40.0,actor; autobiographer; film actor; musician; singer; stage actor,True,Zarah Leander,Swedish-German singer-actress 1930s-40s,zarah-leander,film-tv,95.0,2253.0,343453.0,1,13,13
Zhan Beleniuk,zhan-beleniuk,athlete,high,Well-known,1774,29.0,amateur wrestler; athlete; politician,True,Zhan Beleniuk,Ukrainian Greco-Roman wrestler and politician,zhan-beleniuk-wrestler,sports,95.0,15827.0,343471.0,4,10,13
Zoë Ferraris,zo~eb~-ferraris,novelist,low,Obscure,227,7.0,novelist; writer,True,Zoë Ferraris,American novelist of Saudi-set mysteries,zoe-ferraris-author,writing,95.0,11366.0,343518.0,4,11,13
Ēriks Rags,~113~riks-rags,athlete,low,Obscure,185,13.0,athlete; javelin thrower,True,Ēriks Rags,Latvian javelin thrower,eriks-rags-javelin-thrower,sports,85.0,51187.0,343488.0,7,5,13
Éric Demarsan,~e9~ric-demarsan,musician,low,Obscure,200,9.0,bandleader; composer; film score composer; musician,True,Éric Demarsan,French film composer,eric-demarsan-composer,music,95.0,25410.0,343473.0,6,8,13
Bernard Henry Bourdillon,bernard-henry-bourdillon,politician,gbpol_uniq_lo,Unique-name UK politician (lo fame),586,,politician,True,,,bernard-henry-bourdillon,,85,32300,414926,6,8,13
Thomas Flamank,thomas-flamank,politician,gbpol_uniq_lo,Unique-name UK politician (lo fame),576,,politician,True,,,thomas-flamank,,90,16902,414926,2,11,13
Percy Sykes,percy-sykes,politician,gbpol_uniq_lo,Unique-name UK politician (lo fame),574,,politician,True,,,percy-sykes,,95,19227,414926,6,10,13
Alf Morris,alf-morris,politician,gbpol_uniq_lo,Unique-name UK politician (lo fame),592,,politician,True,,,alf-morris,,95,33593,414926,7,8,13
McKeeva Bush,mckeeva-bush,politician,gbpol_uniq_lo,Unique-name UK politician (lo fame),593,,politician,True,,,mckeeva-bush,,95,13039,414926,4,11,13
Denis Pritt,denis-pritt,politician,gbpol_uniq_lo,Unique-name UK politician (lo fame),569,,politician,True,,,denis-pritt,,95,15126,414926,4,11,13
Charles Hendry,charles-hendry,politician,gbpol_uniq_lo,Unique-name UK politician (lo fame),596,,politician,True,,,charles-hendry,,,6627,414926,5,13,13
Richard Gavin Reid,richard-gavin-reid,politician,gbpol_uniq_lo,Unique-name UK politician (lo fame),597,,politician,True,,,richard-gavin-reid,,85,65195,414926,7,5,13
Ann Winterton,ann-winterton,politician,gbpol_uniq_lo,Unique-name UK politician (lo fame),597,,politician,True,,,ann-winterton,,,19765,414926,5,10,13
"Claus Moser, Baron Moser",claus-moser~2c~-baron-moser,politician,gbpol_uniq_lo,Unique-name UK politician (lo fame),567,,politician,True,,,claus-moser~2c~-baron-moser,,95,12104,414926,3,11,13
Harry Hylton-Foster,harry-hylton~2d~foster,politician,gbpol_uniq_lo,Unique-name UK politician (lo fame),567,,politician,True,,,harry-hylton~2d~foster,,95,31915,414926,6,8,13
"Elizabeth Symons, Baroness Symons of Vernham Dean",elizabeth-symons~2c~-baroness-symons-of-vernham-dean,politician,gbpol_uniq_lo,Unique-name UK politician (lo fame),566,,politician,True,,,elizabeth-symons~2c~-baroness-symons-of-vernham-dean,,95,4477,414926,1,13,13
Colin Burgon,colin-burgon,politician,gbpol_uniq_lo,Unique-name UK politician (lo fame),566,,politician,True,,,colin-burgon,,90,30765,414926,5,8,13
"Simon Mackay, Baron Tanlaw",simon-mackay~2c~-baron-tanlaw,politician,gbpol_uniq_lo,Unique-name UK politician (lo fame),565,,politician,True,,,simon-mackay~2c~-baron-tanlaw,,85,9430,414926,1,12,13
Anne Begg,anne-begg,politician,gbpol_uniq_lo,Unique-name UK politician (lo fame),564,,politician,True,,,anne-begg,,95,14294,414926,4,11,13
Angus Maude,angus-maude,politician,gbpol_uniq_lo,Unique-name UK politician (lo fame),564,,politician,True,,,angus-maude,,95,24631,414926,5,9,13
"Richard Marsh, Baron Marsh",richard-marsh~2c~-baron-marsh,politician,gbpol_uniq_lo,Unique-name UK politician (lo fame),561,,politician,True,,,richard-marsh~2c~-baron-marsh,,95,20339,414926,5,10,13
David Nuttall,david-nuttall,politician,gbpol_uniq_lo,Unique-name UK politician (lo fame),561,,politician,True,,,david-nuttall,,95,27340,414926,10,9,13
"Ian Lang, Baron Lang of Monkton",ian-lang~2c~-baron-lang-of-monkton,politician,gbpol_uniq_lo,Unique-name UK politician (lo fame),604,,politician,True,,,ian-lang~2c~-baron-lang-of-monkton,,95,4615,414926,1,13,13
Cyril Garbett,cyril-garbett,politician,gbpol_uniq_lo,Unique-name UK politician (lo fame),558,,politician,True,,,cyril-garbett,,95,19344,414927,5,10,13
Jonathan Edwards,jonathan-edwards,politician,gbpol_shared_lo,Shared-name UK politician (lo fame),581,,politician,True,,,jonathan-edwards,,100,4334,414926,11,13,13
George Adam,george-adam,politician,gbpol_shared_lo,Shared-name UK politician (lo fame),571,,politician,True,,,george-adam,,95,43371,414929,16,8,13
Liz Smith,liz-smith,politician,gbpol_shared_lo,Shared-name UK politician (lo fame),596,,politician,True,,,liz-smith,,,20720,414929,8,10,13
Thomas Ley,thomas-ley,politician,gbpol_shared_lo,Shared-name UK politician (lo fame),597,,politician,True,,,thomas-ley,,90,43105,414932,9,7,13
Kevin Stewart,kevin-stewart,politician,gbpol_shared_lo,Shared-name UK politician (lo fame),597,,politician,True,,,kevin-stewart,,90,57823,414932,15,6,13
Thomas Woodcock,thomas-woodcock,politician,gbpol_shared_lo,Shared-name UK politician (lo fame),600,,politician,True,,,thomas-woodcock,,95,35682,414927,15,8,13
Jessica Lee,jessica-lee,politician,gbpol_shared_lo,Shared-name UK politician (lo fame),605,,politician,True,,,jessica-lee,,50,148682,414932,16,3,13
Tim Stevens,tim-stevens,politician,gbpol_shared_lo,Shared-name UK politician (lo fame),559,,politician,True,,,tim-stevens,,90,33578,414932,16,9,13
Bob Russell,bob-russell,politician,gbpol_shared_lo,Shared-name UK politician (lo fame),611,,politician,True,,,bob-russell,,85,69446,414929,16,6,13
Henry Bellingham,henry-bellingham,politician,gbpol_shared_lo,Shared-name UK politician (lo fame),618,,politician,True,,,henry-bellingham,,95,13770,414932,8,11,13
John Holmes,john-holmes,politician,gbpol_shared_lo,Shared-name UK politician (lo fame),544,,politician,True,,,john-holmes,,95,14585,414929,15,11,13
Michael Ball,michael-ball,politician,gbpol_shared_lo,Shared-name UK politician (lo fame),540,,politician,True,,,michael-ball,,95,8420,414929,14,12,13
John Oliver,john-oliver,politician,gbpol_shared_lo,Shared-name UK politician (lo fame),533,,politician,True,,,john-oliver,,100,1893,414927,6,13,13
Stephen Williams,stephen-williams,politician,gbpol_shared_lo,Shared-name UK politician (lo fame),634,,politician,True,,,stephen-williams,,85,45329,414929,16,8,13
Anne McGuire,anne-mcguire,politician,gbpol_shared_lo,Shared-name UK politician (lo fame),526,,politician,True,,,anne-mcguire,,95,31406,414938,11,9,13
Terry Davis,terry-davis,politician,gbpol_shared_lo,Shared-name UK politician (lo fame),640,,politician,True,,,terry-davis,,95,12020,414929,11,11,13
Leslie Wilson,leslie-wilson,politician,gbpol_shared_lo,Shared-name UK politician (lo fame),524,,politician,True,,,leslie-wilson,,10,,,13,6,13
David Drew,david-drew,politician,gbpol_shared_lo,Shared-name UK politician (lo fame),521,,politician,True,,,david-drew,,,21450,414939,16,11,13
Ian Davidson,ian-davidson,politician,gbpol_shared_lo,Shared-name UK politician (lo fame),646,,politician,True,,,ian-davidson,,90,44895,414939,16,7,13
Richard Taylor,richard-taylor,politician,gbpol_shared_lo,Shared-name UK politician (lo fame),649,,politician,True,,,richard-taylor,,95,22297,414939,16,11,13
Willie Whitelaw,willie-whitelaw,politician,gbpol_uniq_mid,Unique-name UK politician (mid fame),4694,,politician,True,,,willie-whitelaw,,95,12769,414939,4,11,13
Stafford Cripps,stafford-cripps,politician,gbpol_uniq_mid,Unique-name UK politician (mid fame),4736,,politician,True,,,stafford-cripps,,95,7329,414939,2,12,13
Leo Amery,leo-amery,politician,gbpol_uniq_mid,Unique-name UK politician (mid fame),4639,,politician,True,,,leo-amery,,,8184,414939,3,12,13
Duncan Sandys,duncan-sandys,politician,gbpol_uniq_mid,Unique-name UK politician (mid fame),4579,,politician,True,,,duncan-sandys,,95,4728,414939,4,13,13
"Nicholas Stern, Baron Stern of Brentford",nicholas-stern~2c~-baron-stern-of-brentford,politician,gbpol_uniq_mid,Unique-name UK politician (mid fame),4506,,politician,True,,,nicholas-stern~2c~-baron-stern-of-brentford,,95,1426,414939,1,13,13
Halford Mackinder,halford-mackinder,politician,gbpol_uniq_mid,Unique-name UK politician (mid fame),4477,,politician,True,,,halford-mackinder,,,3586,414939,1,13,13
Bernard Miles,bernard-miles,politician,gbpol_uniq_mid,Unique-name UK politician (mid fame),4248,,politician,True,,,bernard-miles,,,9835,414939,4,12,13
Tim Farron,tim-farron,politician,gbpol_uniq_mid,Unique-name UK politician (mid fame),5153,,politician,True,,,tim-farron,,95,7752,414939,2,12,13
Gusty Spence,gusty-spence,politician,gbpol_uniq_mid,Unique-name UK politician (mid fame),4072,,politician,True,,,gusty-spence,,95,13357,414939,4,11,13
Anna Soubry,anna-soubry,politician,gbpol_uniq_mid,Unique-name UK politician (mid fame),4055,,politician,True,,,anna-soubry,,95,7475,414939,3,12,13
"Alf Dubs, Baron Dubs",alf-dubs~2c~-baron-dubs,politician,gbpol_uniq_mid,Unique-name UK politician (mid fame),5405,,politician,True,,,alf-dubs~2c~-baron-dubs,,95,12221,414939,2,11,13
Tristram Hunt,tristram-hunt,politician,gbpol_uniq_mid,Unique-name UK politician (mid fame),3893,,politician,True,,,tristram-hunt,,95,8274,414939,2,12,13
Duff Cooper,duff-cooper,politician,gbpol_uniq_mid,Unique-name UK politician (mid fame),5503,,politician,True,,,duff-cooper,,,8592,414940,4,12,13
Geoff Hoon,geoff-hoon,politician,gbpol_uniq_mid,Unique-name UK politician (mid fame),3791,,politician,True,,,geoff-hoon,,95,8184,414939,1,12,13
"Edward Carson, Baron Carson",edward-carson~2c~-baron-carson,politician,gbpol_uniq_mid,Unique-name UK politician (mid fame),5814,,politician,True,,,edward-carson~2c~-baron-carson,,95,6301,414939,1,12,13
"Helena Kennedy, Baroness Kennedy of The Shaws",helena-kennedy~2c~-baroness-kennedy-of-the-shaws,politician,gbpol_uniq_mid,Unique-name UK politician (mid fame),5820,,politician,True,,,helena-kennedy~2c~-baroness-kennedy-of-the-shaws,,95,2090,414939,1,13,13
Archibald Maule Ramsay,archibald-maule-ramsay,politician,gbpol_uniq_mid,Unique-name UK politician (mid fame),3552,,politician,True,,,archibald-maule-ramsay,,95,13293,414939,4,11,13
Caroline Nokes,caroline-nokes,politician,gbpol_uniq_mid,Unique-name UK politician (mid fame),3536,,politician,True,,,caroline-nokes,,95,11925,414940,4,11,13
Kate Hoey,kate-hoey,politician,gbpol_uniq_mid,Unique-name UK politician (mid fame),5849,,politician,True,,,kate-hoey,,95,12179,414939,4,11,13
Harold Nicolson,harold-nicolson,politician,gbpol_uniq_mid,Unique-name UK politician (mid fame),5926,,politician,True,,,harold-nicolson,,95,4061,414939,2,13,13
Nick Brown,nick-brown,politician,gbpol_shared_mid,Shared-name UK politician (mid fame),4665,,politician,True,,,nick-brown,,95,43228,414940,16,7,13
Keith Joseph,keith-joseph,politician,gbpol_shared_mid,Shared-name UK politician (mid fame),4730,,politician,True,,,keith-joseph,,,5043,414939,6,13,13
Steve Baker,steve-baker,politician,gbpol_shared_mid,Shared-name UK politician (mid fame),4636,,politician,True,,,steve-baker,,95,11925,414940,16,12,13
John Woodcock,john-woodcock,politician,gbpol_shared_mid,Shared-name UK politician (mid fame),4748,,politician,True,,,john-woodcock,,95,37646,414939,16,7,13
Mervyn King,mervyn-king,politician,gbpol_shared_mid,Shared-name UK politician (mid fame),4454,,politician,True,,,mervyn-king,,100,8004,414940,10,12,13
Martin Bell,martin-bell,politician,gbpol_shared_mid,Shared-name UK politician (mid fame),4425,,politician,True,,,martin-bell,,95,4869,414940,16,13,13
Kurt Hahn,kurt-hahn,politician,gbpol_shared_mid,Shared-name UK politician (mid fame),5074,,politician,True,,,kurt-hahn,,95,7424,414939,3,12,13
Tom Watson,tom-watson,politician,gbpol_shared_mid,Shared-name UK politician (mid fame),5234,,politician,True,,,tom-watson,,95,16373,414940,9,11,13
Michael Martin,michael-martin,politician,gbpol_shared_mid,Shared-name UK politician (mid fame),4121,,politician,True,,,michael-martin,,95,65940,414939,16,5,13
David Trimble,david-trimble,politician,gbpol_shared_mid,Shared-name UK politician (mid fame),5295,,politician,True,,,david-trimble,,95,7056,414939,3,12,13
Norman Lamont,norman-lamont,politician,gbpol_shared_mid,Shared-name UK politician (mid fame),5321,,politician,True,,,norman-lamont,,95,8233,414939,4,12,13
Philip Hammond,philip-hammond,politician,gbpol_shared_mid,Shared-name UK politician (mid fame),5637,,politician,True,,,philip-hammond,,95,3880,414940,3,13,13
Jim O'Neill,jim-o~27~neill,politician,gbpol_shared_mid,Shared-name UK politician (mid fame),5663,,politician,True,,,jim-o~27~neill,,95,17370,414940,14,10,13
Ian Murray,ian-murray,politician,gbpol_shared_mid,Shared-name UK politician (mid fame),5668,,politician,True,,,ian-murray,,95,18773,414940,16,11,13
William Temple,william-temple,politician,gbpol_shared_mid,Shared-name UK politician (mid fame),3693,,politician,True,,,william-temple,,100,9485,414940,12,12,13
Geoffrey Cox,geoffrey-cox,politician,gbpol_shared_mid,Shared-name UK politician (mid fame),3620,,politician,True,,,geoffrey-cox,,,13098,414940,10,11,13
Greg Clark,greg-clark,politician,gbpol_shared_mid,Shared-name UK politician (mid fame),3616,,politician,True,,,greg-clark,,95,16004,414940,16,11,13
Alok Sharma,alok-sharma,politician,gbpol_shared_mid,Shared-name UK politician (mid fame),3548,,politician,True,,,alok-sharma,,95,13475,414940,9,11,13
Arthur Henderson,arthur-henderson,politician,gbpol_shared_mid,Shared-name UK politician (mid fame),3346,,politician,True,,,arthur-henderson,,,4826,414941,9,13,13
Robert Stephenson,robert-stephenson,politician,gbpol_shared_mid,Shared-name UK politician (mid fame),6098,,politician,True,,,robert-stephenson,,95,4508,414941,10,13,13
Nawaz Sharif,nawaz-sharif,politician,gbpol_uniq_hi,Unique-name UK politician (hi fame),62696,,politician,True,,,nawaz-sharif,,95,2925,414941,2,13,13
Anthony Eden,anthony-eden,politician,gbpol_uniq_hi,Unique-name UK politician (hi fame),67115,,politician,True,,,anthony-eden,,95,6301,414941,5,12,13
Jerry Springer,jerry-springer,politician,gbpol_uniq_hi,Unique-name UK politician (hi fame),69820,,politician,True,,,jerry-springer,,100,1057,414941,1,13,13
Bernard Montgomery,bernard-montgomery,politician,gbpol_uniq_hi,Unique-name UK politician (hi fame),54787,,politician,True,,,bernard-montgomery,,100,2969,414941,2,13,13
Harold Macmillan,harold-macmillan,politician,gbpol_uniq_hi,Unique-name UK politician (hi fame),49817,,politician,True,,,harold-macmillan,,100,2757,414941,3,13,13
Ed Miliband,ed-miliband,politician,gbpol_uniq_hi,Unique-name UK politician (hi fame),46411,,politician,True,,,ed-miliband,,95,9703,414941,2,11,13
Laurence Fox,laurence-fox,politician,gbpol_uniq_hi,Unique-name UK politician (hi fame),81065,,politician,True,,,laurence-fox,,95,11819,414941,3,11,13
Glenda Jackson,glenda-jackson,politician,gbpol_uniq_hi,Unique-name UK politician (hi fame),40789,,politician,True,,,glenda-jackson,,95,2449,414941,2,13,13
Alan Sugar,alan-sugar,politician,gbpol_uniq_hi,Unique-name UK politician (hi fame),34422,,politician,True,,,alan-sugar,,95,3197,414941,2,13,13
Nicola Sturgeon,nicola-sturgeon,politician,gbpol_uniq_hi,Unique-name UK politician (hi fame),32676,,politician,True,,,nicola-sturgeon,,100,5075,414941,2,12,13
Liz Kendall,liz-kendall,politician,gbpol_uniq_hi,Unique-name UK politician (hi fame),31006,,politician,True,,,liz-kendall,,95,12516,414941,6,11,13
Boris Johnson,boris-johnson,politician,gbpol_uniq_hi,Unique-name UK politician (hi fame),144512,,politician,True,,,boris-johnson,,100,1108,414941,2,13,13
John Major,john-major,politician,gbpol_shared_hi,Shared-name UK politician (hi fame),74207,,politician,True,,,john-major,,100,5902,414941,4,12,13
Gordon Brown,gordon-brown,politician,gbpol_shared_hi,Shared-name UK politician (hi fame),77361,,politician,True,,,gordon-brown,,,2621,414941,9,13,13
Harold Wilson,harold-wilson,politician,gbpol_shared_hi,Shared-name UK politician (hi fame),82937,,politician,True,,,harold-wilson,,100,3286,414942,5,13,13
David Cameron,david-cameron,politician,gbpol_shared_hi,Shared-name UK politician (hi fame),86401,,politician,True,,,david-cameron,,100,1728,414941,4,13,13
Alastair Campbell,alastair-campbell,politician,gbpol_shared_hi,Shared-name UK politician (hi fame),38299,,politician,True,,,alastair-campbell,,100,10389,414942,6,11,13
Altaf Hussain,altaf-hussain,politician,gbpol_shared_hi,Shared-name UK politician (hi fame),32171,,politician,True,,,altaf-hussain,,95,9175,414942,7,12,13
Robert Maxwell,robert-maxwell,politician,gbpol_shared_hi,Shared-name UK politician (hi fame),271942,,politician,True,,,robert-maxwell,,100,4126,414941,9,13,13
